0,shoot
1,belief
2,prioress
3,fishing
4,disdain
5,oppose
6,beast
7,fervor
8,proceed
9,furl
10,burn
11,cost
12,achieve
13,eat
14,history
15,construct
16,supporting
17,adorn
18,revenue
19,delight
20,performing
21,assign
22,lumber
23,performance
24,language
25,character
26,spatiality
27,inhibit
28,worsen
29,institute
30,reorganize
31,appetizer
32,disagreement
33,oil
34,surpass
35,certificate
36,wickedness
37,found
38,produce
39,liquor
40,room
41,company
42,find
43,favorite
44,planning
45,inhale
46,drama
47,point
48,sepulchre
49,warning
50,sedimentation
51,technology
52,rudeness
53,direct
54,commitment
55,coolness
56,art
57,plus
58,balcony
59,mixture
60,cat
61,labour
62,headland
63,regard
64,charm
65,dependence
66,dark
67,fail
68,firm
69,demoralise
70,artifact
71,arguing
72,understand
73,sagacity
74,tribunal
75,refuse
76,civility
77,competence
78,concealing
79,site
80,balloting
81,petulance
82,turn
83,acquaint
84,good
85,orchestra
86,lack
87,garbage
88,anxiety
89,publishing
90,disaffection
91,demarcation
92,feed
93,analysis
94,newspaper
95,misconduct
96,surprise
97,differ
98,monument
99,statue
100,bill
101,disconcert
102,solution
103,recover
104,communicate
105,cardinal
106,injustice
107,colouring
108,interpretation
109,commodity
110,advertising
111,user
112,battle
113,uphold
114,fighting
115,faith
116,engage
117,congress
118,nervousness
119,damages
120,cigarette
121,luck
122,adeptness
123,present
124,see
125,advise
126,domination
127,market
128,replacing
129,socialism
130,ostentation
131,justification
132,utilisation
133,coast
134,archbishop
135,saving
136,involve
137,flowing
138,assuage
139,trial
140,ocean
141,criticise
142,average
143,aristocrat
144,attain
145,jewelry
146,forbid
147,discomfit
148,railroad
149,opposite
150,agony
151,guile
152,consortium
153,safety
154,calculation
155,header
156,shirt
157,streak
158,package
159,exchange
160,mawkishness
161,evaluate
162,ridge
163,caliber
164,heritage
165,plant
166,crop
167,terminus
168,enroll
169,member
170,meaning
171,engineering
172,environmentalist
173,transparency
174,saying
175,deception
176,preventive
177,infection
178,tournament
179,lure
180,induce
181,ascertain
182,crimp
183,wrap
184,emerge
185,distinguish
186,ministration
187,disrupt
188,sale
189,living
190,phrase
191,proof
192,distort
193,friend
194,recording
195,explosion
196,leadership
197,song
198,anode
199,relief
200,depositary
201,enrol
202,exhort
203,bovine
204,framework
205,glassware
206,plaster
207,triumph
208,shot
209,disciple
210,cutting
211,characterization
212,witness
213,wheel
214,contend
215,affirmation
216,turning
217,cook
218,indecisiveness
219,impart
220,resourcefulness
221,acknowledgement
222,attract
223,exhibition
224,senior
225,professional
226,carry
227,job
228,effect
229,perform
230,reason
231,open
232,consequence
233,closing
234,earnestness
235,hurting
236,name
237,saviour
238,blueness
239,maneuver
240,investment
241,avoid
242,treasury
243,independence
244,nullify
245,leg
246,break
247,monkey
248,rest
249,receive
250,alienation
251,controversy
252,climb
253,imagination
254,railway
255,originality
256,treatise
257,thrive
258,aftermath
259,sickness
260,tower
261,husbandman
262,forecast
263,thinker
264,approve
265,post
266,discussion
267,emission
268,enmity
269,leather
270,freeway
271,hearing
272,lower
273,heating
274,region
275,garb
276,pedal
277,looking
278,consumer
279,replacement
280,liven
281,tissue
282,publicise
283,reduce
284,excuse
285,dancing
286,meat
287,ceramic
288,slander
289,penalise
290,broaden
291,affect
292,tantalize
293,hotel
294,thing
295,reveal
296,future
297,disorder
298,appropriate
299,justify
300,prove
301,favor
302,enlist
303,kindness
304,rate
305,theorise
306,multiple
307,theologian
308,longing
309,sweater
310,sing
311,fashion
312,immaturity
313,passenger
314,lessen
315,starter
316,victim
317,property
318,scold
319,expiration
320,collection
321,ideology
322,composing
323,suffocation
324,overstate
325,percentage
326,script
327,trash
328,attacker
329,passing
330,prolong
331,adulterate
332,victory
333,lineman
334,charlatan
335,reading
336,expertise
337,accost
338,combat
339,replace
340,player
341,nonfiction
342,investigation
343,committee
344,fertilizer
345,standardise
346,incorporate
347,flavouring
348,stucco
349,recuperation
350,pace
351,preclude
352,frighten
353,singer
354,harm
355,hypothesize
356,irritation
357,frivolousness
358,grey
359,malefactor
360,tune
361,warn
362,ordination
363,descendant
364,gathering
365,suburb
366,mesmerize
367,intimidation
368,joining
369,symbolise
370,compensation
371,adjunct
372,pair
373,ambience
374,ancestry
375,tenseness
376,foretell
377,fury
378,feeding
379,fellow
380,stopover
381,perceptiveness
382,project
383,horrify
384,message
385,force
386,unhinge
387,way
388,centre
389,expenditure
390,mobilisation
391,form
392,kick
393,road
394,end
395,inside
396,mitigate
397,vitality
398,relevance
399,allow
400,double
401,declivity
402,spread
403,larceny
404,match
405,pillaging
406,realise
407,admire
408,passiveness
409,tend
410,fireplace
411,aim
412,decline
413,deliver
414,enforcement
415,computer
416,want
417,sauce
418,champion
419,sentence
420,fertiliser
421,accustom
422,abjection
423,purpose
424,categorise
425,complicate
426,assess
427,physics
428,love
429,process
430,disprove
431,beat
432,wait
433,leader
434,forecasting
435,going
436,protection
437,allegiance
438,fibre
439,acquisition
440,nudge
441,conclusion
442,relegate
443,saw
444,criminalize
445,furniture
446,incident
447,associate
448,invent
449,whiskey
450,component
451,misrepresent
452,energize
453,peevishness
454,demonstrator
455,development
456,ameliorate
457,person
458,transfuse
459,detain
460,evidence
461,page
462,applause
463,trauma
464,disease
465,consecrate
466,transaction
467,insist
468,timber
469,analyse
470,remembering
471,precipitation
472,publisher
473,term
474,ownership
475,pyrimidine
476,seeing
477,child
478,citrus
479,regime
480,vanish
481,gracefulness
482,stairway
483,restaurant
484,dialogue
485,deteriorate
486,two
487,description
488,stability
489,halt
490,past
491,astonishment
492,weather
493,transportation
494,venture
495,demonstration
496,analogue
497,befuddle
498,serve
499,regret
500,prefer
501,comply
502,douse
503,periodical
504,utilization
505,repress
506,outbreak
507,opine
508,hardship
509,floor
510,investigating
511,contestation
512,killer
513,search
514,disquiet
515,disposal
516,disbursal
517,slow
518,frustrate
519,texture
520,warmer
521,confuse
522,misidentify
523,line
524,swimming
525,employer
526,sit
527,liveliness
528,assertion
529,stop
530,manage
531,financier
532,television
533,concoction
534,stealing
535,research
536,receiver
537,debt
538,enact
539,monarch
540,repair
541,motor
542,hormone
543,representative
544,cover
545,include
546,hypothesis
547,still
548,necessary
549,impact
550,ability
551,officer
552,manuscript
553,anatomy
554,thank
555,join
556,cash
557,alter
558,killing
559,bird
560,enlarge
561,weigh
562,happening
563,mural
564,become
565,calling
566,appreciate
567,novel
568,clash
569,dying
570,dejection
571,crystallization
572,listen
573,congregation
574,treat
575,cancellation
576,torture
577,harvest
578,theatre
579,analog
580,investigator
581,boat
582,counsel
583,mansion
584,clothing
585,quietness
586,pretend
587,criminalise
588,crash
589,lake
590,leaders
591,team
592,overcome
593,traffic
594,stifle
595,hours
596,rebut
597,exterior
598,affection
599,investigate
600,circumscribe
601,joy
602,authority
603,comment
604,couple
605,leading
606,location
607,malleability
608,stretching
609,incite
610,trade
611,designer
612,reinforce
613,sense
614,valley
615,upper
616,arrogate
617,achievement
618,wet
619,traveler
620,thoughtfulness
621,management
622,review
623,video
624,fox
625,automobile
626,identification
627,thigh
628,overturn
629,talent
630,proponent
631,pain
632,bush
633,judgement
634,crumble
635,rebound
636,generate
637,execute
638,rib
639,driver
640,sort
641,realize
642,recycle
643,order
644,enterprise
645,criticism
646,extend
647,purine
648,awe
649,jump
650,felid
651,brain
652,go
653,sacrament
654,punishment
655,container
656,proposal
657,lengthen
658,affectation
659,color
660,staleness
661,minute
662,transfix
663,array
664,statement
665,testify
666,journalist
667,expect
668,backlash
669,predetermination
670,remind
671,badge
672,bastion
673,entranceway
674,suppress
675,precariousness
676,push
677,gate
678,lambaste
679,healthiness
680,devise
681,negotiate
682,band
683,save
684,tediousness
685,print
686,liquify
687,diminish
688,divulge
689,prod
690,tableware
691,undergraduate
692,disguise
693,personify
694,businessman
695,develop
696,fast
697,white
698,exam
699,elk
700,overwhelm
701,enliven
702,suffice
703,renounce
704,rejection
705,fantasy
706,differentiate
707,butter
708,event
709,intersection
710,boy
711,gas
712,memorise
713,believe
714,handgun
715,arrival
716,coating
717,territory
718,photo
719,embodiment
720,dullness
721,pretending
722,commission
723,malignity
724,brick
725,socialize
726,excavate
727,metre
728,tumble
729,approval
730,stadium
731,failing
732,bison
733,dish
734,rashness
735,adverb
736,authorise
737,corporeality
738,agree
739,defer
740,apply
741,theft
742,subjugation
743,vest
744,cylinder
745,article
746,preventative
747,viewpoint
748,put
749,failure
750,introduction
751,destruction
752,actualize
753,lead
754,running
755,program
756,rebuff
757,lightness
758,nonparticipation
759,trader
760,salary
761,incompetent
762,place
763,encumber
764,proceedings
765,source
766,quarters
767,prevent
768,collapse
769,pavement
770,skill
771,cattle
772,disaster
773,court
774,lover
775,tautness
776,demo
777,ceding
778,feigning
779,setting
780,dream
781,humiliate
782,insignia
783,weaken
784,exhibit
785,evaporation
786,goal
787,hope
788,usefulness
789,dry
790,educate
791,chilliness
792,communicating
793,holiday
794,dip
795,office
796,violence
797,attention
798,thought
799,progress
800,fatigue
801,humour
802,compliance
803,rum
804,bottle
805,statute
806,construction
807,entree
808,crunch
809,book
810,debris
811,bidding
812,whole
813,economics
814,possibility
815,mother
816,attending
817,fight
818,interact
819,creativeness
820,seriousness
821,fabricate
822,foolishness
823,success
824,outcome
825,watch
826,extension
827,liberty
828,performer
829,hands
830,kidnap
831,selflessness
832,enter
833,inhabitation
834,fiction
835,neighborhood
836,father
837,rock
838,watercolor
839,write
840,boost
841,socialise
842,grandness
843,stupidity
844,ruler
845,entering
846,son
847,recovery
848,heap
849,state
850,expense
851,philosopher
852,occasion
853,preoccupy
854,food
855,cinematography
856,aggressiveness
857,condemn
858,effectivity
859,muscularity
860,entrance
861,enthusiasm
862,shop
863,intend
864,introspection
865,bike
866,impair
867,airplane
868,promote
869,visualize
870,pleading
871,symbolize
872,stimulus
873,likelihood
874,league
875,publication
876,limousine
877,revealing
878,skin
879,folk
880,earthquake
881,human
882,licence
883,brown
884,outlook
885,devote
886,perspicacity
887,excess
888,continue
889,shorten
890,testimony
891,pile
892,wit
893,door
894,connective
895,insert
896,model
897,explosive
898,show
899,bed
900,gray
901,attempt
902,fire
903,enforce
904,tolerate
905,misappropriation
906,emphasize
907,exclaim
908,deviltry
909,win
910,fruit
911,complaint
912,destroy
913,cornucopia
914,leaving
915,impotency
916,quake
917,flavor
918,blast
919,harass
920,effort
921,fabric
922,pregnancy
923,absence
924,militarization
925,pressure
926,security
927,date
928,inquiry
929,threaten
930,profanity
931,finding
932,ride
933,invitation
934,repudiate
935,humanities
936,endurance
937,runner
938,catch
939,top
940,width
941,kill
942,compare
943,essay
944,appear
945,dispel
946,refute
947,faeces
948,birth
949,functionary
950,stimulant
951,seizing
952,claim
953,adroitness
954,disc
955,approach
956,measurement
957,alliance
958,publicize
959,arena
960,instance
961,criminal
962,expel
963,counselling
964,entice
965,comportment
966,amazement
967,matter
968,haughtiness
969,naivety
970,familiarize
971,repay
972,administration
973,pitch
974,transferral
975,conventionalism
976,reverence
977,traveller
978,accommodation
979,tunnel
980,circumspection
981,fee
982,frivolity
983,specialist
984,foolhardiness
985,reject
986,composure
987,mapping
988,long
989,vapour
990,rewriting
991,tempt
992,hide
993,propose
994,calibration
995,series
996,ascendency
997,assemble
998,tractability
999,chasten
